kod;pokrycie terenu;liczba;średnia;mediana;odchylenie standardowe;minimum;maksimum;zasięg
112;zabudowa miejska;2708.00;0.237706096599651;0.220999836921692;0.122468796559891;-0.0696011409163475;0.597169160842896;0.666770301759243
231;łąki i pastwiska;355.00;0.50307141771199;0.541698098182678;0.11234878434391;0.00896774232387543;0.616646289825439;0.607678547501564
243;obszary rolnicze;456.00;0.424882028806646;0.484671786427498;0.149194586363573;-0.0485191233456135;0.563185334205627;0.611704457551241
311;lasy liściaste;16174.00;0.476429560915444;0.497338190674782;0.081939407906095;-0.14665974676609;0.609164595603943;0.755824342370033
312;lasy iglaste;22718.00;0.403805242994859;0.402376398444176;0.0546952214819542;-0.0358844064176083;0.576479732990265;0.612364139407873
313;lasy mieszane;16264.00;0.449665422228114;0.457996755838394;0.0616991464961225;-0.0555048659443855;0.605546534061432;0.661051400005817
411;bagna śródlądowe;14494.00;0.372337946891885;0.399275198578835;0.107771645751609;-0.112015940248966;0.587873995304108;0.699889935553074
511;obszary wodne;20573.00;-0.0172920107255554;-0.0464985221624374;0.0997915573060807;-0.0987341776490211;0.571248829364777;0.669983007013798
523;morze i ocean;31117.00;-0.041311977428943;-0.0374709032475948;0.0348523740236418;-0.233948543667793;0.538408577442169;0.772357121109962
